tuner,source,n_conf,time
rs,mn_v,33,270.2824490070343
gp,mn_v,33,491.8791480064392
hb,mn_v,90,209.75529313087463
