tuner,source,n_conf,time
rs,mn_rb,33,201.29953002929688
gp,mn_rb,33,403.6140522956848
hb,mn_rb,90,323.9752585887909
