tuner,source,n_conf,time
rs,mn_v,50,389.52557396888733
gp,mn_v,50,1018.6038682460785
hb,mn_v,90,342.0023338794708
