tuner,source,n_conf,time
rs,mn_b,50,483.8356831073761
gp,mn_b,50,978.9240472316742
hb,mn_b,90,569.1737773418427
