tuner,source,n_conf,time
rs,mn_r,33,236.0204839706421
gp,mn_r,33,488.20694613456726
hb,mn_r,90,288.21806240081787
