tuner,source,n_conf,time
rs,mn_b,33,229.23896288871765
gp,mn_b,33,390.8016788959503
hb,mn_b,90,284.1201341152191
