tuner,source,n_conf,time
rs,mn_v,33,0.001771688461303711
gp,mn_v,33,0.001377105712890625
hb,mn_v,90,0.0022754669189453125
